"Financial obligations ratio, seasonally adjusted","Consumer debt service ratio, seasonally adjusted","Debt service ratio, seasonally adjusted","Mortgage debt service ratio, seasonally adjusted",Year,Month
16.900919,5.635607,11.649150,6.013543,1990,January
16.875752,5.540660,11.600660,6.060000,1990,February
16.875752,5.540660,11.600660,6.060000,1990,March
16.875752,5.540660,11.600660,6.060000,1990,April
16.888249,5.481259,11.583131,6.101873,1990,May
16.888249,5.481259,11.583131,6.101873,1990,June
16.888249,5.481259,11.583131,6.101873,1990,July
16.960268,5.419602,11.604449,6.184847,1990,August
16.960268,5.419602,11.604449,6.184847,1990,September
16.960268,5.419602,11.604449,6.184847,1990,October
16.960137,5.355239,11.578032,6.222793,1991,November
16.960137,5.355239,11.578032,6.222793,1991,December
16.960137,5.355239,11.578032,6.222793,1991,January
16.818953,5.238545,11.434237,6.195692,1991,February
16.818953,5.238545,11.434237,6.195692,1991,March
16.818953,5.238545,11.434237,6.195692,1991,April
16.703078,5.137354,11.318681,6.181328,1991,May
16.703078,5.137354,11.318681,6.181328,1991,June
16.703078,5.137354,11.318681,6.181328,1991,July
16.479746,5.017251,11.117333,6.100082,1991,August
16.479746,5.017251,11.117333,6.100082,1991,September
16.479746,5.017251,11.117333,6.100082,1991,October
16.160733,4.867179,10.855581,5.988402,1992,November
16.160733,4.867179,10.855581,5.988402,1992,December
16.160733,4.867179,10.855581,5.988402,1992,January
15.971127,4.774439,10.680886,5.906447,1992,February
15.971127,4.774439,10.680886,5.906447,1992,March
15.971127,4.774439,10.680886,5.906447,1992,April
15.826784,4.702399,10.540050,5.837651,1992,May
15.826784,4.702399,10.540050,5.837651,1992,June
15.826784,4.702399,10.540050,5.837651,1992,July
15.752581,4.660212,10.455215,5.795003,1992,August
15.752581,4.660212,10.455215,5.795003,1992,September
15.752581,4.660212,10.455215,5.795003,1992,October
15.673178,4.652557,10.419139,5.766582,1993,November
15.673178,4.652557,10.419139,5.766582,1993,December
15.673178,4.652557,10.419139,5.766582,1993,January
15.593555,4.648903,10.354430,5.705527,1993,February
15.593555,4.648903,10.354430,5.705527,1993,March
15.593555,4.648903,10.354430,5.705527,1993,April
15.669738,4.705303,10.405427,5.700123,1993,May
15.669738,4.705303,10.405427,5.700123,1993,June
15.669738,4.705303,10.405427,5.700123,1993,July
15.641764,4.755414,10.368518,5.613104,1993,August
15.641764,4.755414,10.368518,5.613104,1993,September
15.641764,4.755414,10.368518,5.613104,1993,October
15.690103,4.831917,10.388445,5.556527,1994,November
15.690103,4.831917,10.388445,5.556527,1994,December
15.690103,4.831917,10.388445,5.556527,1994,January
15.761009,4.924236,10.452491,5.528256,1994,February
15.761009,4.924236,10.452491,5.528256,1994,March
15.761009,4.924236,10.452491,5.528256,1994,April
15.914829,5.035871,10.586958,5.551088,1994,May
15.914829,5.035871,10.586958,5.551088,1994,June
15.914829,5.035871,10.586958,5.551088,1994,July
15.995620,5.120072,10.699630,5.579557,1994,August
15.995620,5.120072,10.699630,5.579557,1994,September
15.995620,5.120072,10.699630,5.579557,1994,October
16.198637,5.248012,10.888513,5.640501,1995,November
16.198637,5.248012,10.888513,5.640501,1995,December
16.198637,5.248012,10.888513,5.640501,1995,January
16.411955,5.394652,11.080721,5.686069,1995,February
16.411955,5.394652,11.080721,5.686069,1995,March
16.411955,5.394652,11.080721,5.686069,1995,April
16.529220,5.523088,11.185719,5.662631,1995,May
16.529220,5.523088,11.185719,5.662631,1995,June
16.529220,5.523088,11.185719,5.662631,1995,July
16.572483,5.594352,11.223493,5.629141,1995,August
16.572483,5.594352,11.223493,5.629141,1995,September
16.572483,5.594352,11.223493,5.629141,1995,October
16.558361,5.653204,11.242343,5.589139,1996,November
16.558361,5.653204,11.242343,5.589139,1996,December
16.558361,5.653204,11.242343,5.589139,1996,January
16.557834,5.675422,11.269972,5.594550,1996,February
16.557834,5.675422,11.269972,5.594550,1996,March
16.557834,5.675422,11.269972,5.594550,1996,April
16.606741,5.712678,11.315366,5.602688,1996,May
16.606741,5.712678,11.315366,5.602688,1996,June
16.606741,5.712678,11.315366,5.602688,1996,July
16.664822,5.777011,11.371211,5.594200,1996,August
16.664822,5.777011,11.371211,5.594200,1996,September
16.664822,5.777011,11.371211,5.594200,1996,October
16.631998,5.725713,11.328849,5.603136,1997,November
16.631998,5.725713,11.328849,5.603136,1997,December
16.631998,5.725713,11.328849,5.603136,1997,January
16.653272,5.703414,11.328918,5.625504,1997,February
16.653272,5.703414,11.328918,5.625504,1997,March
16.653272,5.703414,11.328918,5.625504,1997,April
16.649240,5.718448,11.338020,5.619572,1997,May
16.649240,5.718448,11.338020,5.619572,1997,June
16.649240,5.718448,11.338020,5.619572,1997,July
16.548342,5.705666,11.288261,5.582594,1997,August
16.548342,5.705666,11.288261,5.582594,1997,September
16.548342,5.705666,11.288261,5.582594,1997,October
16.325270,5.628610,11.144147,5.515538,1998,November
16.325270,5.628610,11.144147,5.515538,1998,December
16.325270,5.628610,11.144147,5.515538,1998,January
16.305444,5.672466,11.166536,5.494070,1998,February
16.305444,5.672466,11.166536,5.494070,1998,March
16.305444,5.672466,11.166536,5.494070,1998,April
16.275289,5.687028,11.152642,5.465615,1998,May
16.275289,5.687028,11.152642,5.465615,1998,June
16.275289,5.687028,11.152642,5.465615,1998,July
16.349509,5.761093,11.216343,5.455250,1998,August
16.349509,5.761093,11.216343,5.455250,1998,September
16.349509,5.761093,11.216343,5.455250,1998,October
16.422021,5.806999,11.281643,5.474644,1999,November
16.422021,5.806999,11.281643,5.474644,1999,December
16.422021,5.806999,11.281643,5.474644,1999,January
16.602381,5.908706,11.433961,5.525255,1999,February
16.602381,5.908706,11.433961,5.525255,1999,March
16.602381,5.908706,11.433961,5.525255,1999,April
16.727171,5.984188,11.558215,5.574027,1999,May
16.727171,5.984188,11.558215,5.574027,1999,June
16.727171,5.984188,11.558215,5.574027,1999,July
16.658897,5.959825,11.545340,5.585515,1999,August
16.658897,5.959825,11.545340,5.585515,1999,September
16.658897,5.959825,11.545340,5.585515,1999,October
16.532775,5.937883,11.503203,5.565320,2000,November
16.532775,5.937883,11.503203,5.565320,2000,December
16.532775,5.937883,11.503203,5.565320,2000,January
16.659046,6.043632,11.659941,5.616310,2000,February
16.659046,6.043632,11.659941,5.616310,2000,March
16.659046,6.043632,11.659941,5.616310,2000,April
16.806757,6.177676,11.836625,5.658950,2000,May
16.806757,6.177676,11.836625,5.658950,2000,June
16.806757,6.177676,11.836625,5.658950,2000,July
17.057136,6.341257,12.063345,5.722088,2000,August
17.057136,6.341257,12.063345,5.722088,2000,September
17.057136,6.341257,12.063345,5.722088,2000,October
17.146412,6.447072,12.160990,5.713918,2001,November
17.146412,6.447072,12.160990,5.713918,2001,December
17.146412,6.447072,12.160990,5.713918,2001,January
17.419544,6.594084,12.383873,5.789789,2001,February
17.419544,6.594084,12.383873,5.789789,2001,March
17.419544,6.594084,12.383873,5.789789,2001,April
17.298341,6.560388,12.323468,5.763080,2001,May
17.298341,6.560388,12.323468,5.763080,2001,June
17.298341,6.560388,12.323468,5.763080,2001,July
17.701544,6.712232,12.622859,5.910627,2001,August
17.701544,6.712232,12.622859,5.910627,2001,September
17.701544,6.712232,12.622859,5.910627,2001,October
17.407310,6.616856,12.416701,5.799845,2002,November
17.407310,6.616856,12.416701,5.799845,2002,December
17.407310,6.616856,12.416701,5.799845,2002,January
17.275861,6.566214,12.336371,5.770156,2002,February
17.275861,6.566214,12.336371,5.770156,2002,March
17.275861,6.566214,12.336371,5.770156,2002,April
17.304962,6.559252,12.377254,5.818003,2002,May
17.304962,6.559252,12.377254,5.818003,2002,June
17.304962,6.559252,12.377254,5.818003,2002,July
17.225365,6.502516,12.346926,5.844409,2002,August
17.225365,6.502516,12.346926,5.844409,2002,September
17.225365,6.502516,12.346926,5.844409,2002,October
17.177800,6.475610,12.345874,5.870264,2003,November
17.177800,6.475610,12.345874,5.870264,2003,December
17.177800,6.475610,12.345874,5.870264,2003,January
17.056580,6.439314,12.286494,5.847180,2003,February
17.056580,6.439314,12.286494,5.847180,2003,March
17.056580,6.439314,12.286494,5.847180,2003,April
16.821155,6.356223,12.138471,5.782248,2003,May
16.821155,6.356223,12.138471,5.782248,2003,June
16.821155,6.356223,12.138471,5.782248,2003,July
16.901070,6.371129,12.214670,5.843541,2003,August
16.901070,6.371129,12.214670,5.843541,2003,September
16.901070,6.371129,12.214670,5.843541,2003,October
16.882206,6.363511,12.210135,5.846624,2004,November
16.882206,6.363511,12.210135,5.846624,2004,December
16.882206,6.363511,12.210135,5.846624,2004,January
16.778077,6.293760,12.132028,5.838269,2004,February
16.778077,6.293760,12.132028,5.838269,2004,March
16.778077,6.293760,12.132028,5.838269,2004,April
16.897298,6.315073,12.244783,5.929711,2004,May
16.897298,6.315073,12.244783,5.929711,2004,June
16.897298,6.315073,12.244783,5.929711,2004,July
16.846793,6.237724,12.237218,5.999495,2004,August
16.846793,6.237724,12.237218,5.999495,2004,September
16.846793,6.237724,12.237218,5.999495,2004,October
17.258015,6.316695,12.558832,6.242137,2005,November
17.258015,6.316695,12.558832,6.242137,2005,December
17.258015,6.316695,12.558832,6.242137,2005,January
17.253730,6.266733,12.560029,6.293295,2005,February
17.253730,6.266733,12.560029,6.293295,2005,March
17.253730,6.266733,12.560029,6.293295,2005,April
17.316663,6.199858,12.620985,6.421127,2005,May
17.316663,6.199858,12.620985,6.421127,2005,June
17.316663,6.199858,12.620985,6.421127,2005,July
17.263922,6.103464,12.591395,6.487932,2005,August
17.263922,6.103464,12.591395,6.487932,2005,September
17.263922,6.103464,12.591395,6.487932,2005,October
17.248805,6.085246,12.608604,6.523358,2006,November
17.248805,6.085246,12.608604,6.523358,2006,December
17.248805,6.085246,12.608604,6.523358,2006,January
17.365009,5.979412,12.683121,6.703709,2006,February
17.365009,5.979412,12.683121,6.703709,2006,March
17.365009,5.979412,12.683121,6.703709,2006,April
17.524954,5.934518,12.787826,6.853308,2006,May
17.524954,5.934518,12.787826,6.853308,2006,June
17.524954,5.934518,12.787826,6.853308,2006,July
17.665583,5.919652,12.869705,6.950053,2006,August
17.665583,5.919652,12.869705,6.950053,2006,September
17.665583,5.919652,12.869705,6.950053,2006,October
17.701171,5.904713,12.881422,6.976709,2007,November
17.701171,5.904713,12.881422,6.976709,2007,December
17.701171,5.904713,12.881422,6.976709,2007,January
17.824349,5.935517,12.956667,7.021150,2007,February
17.824349,5.935517,12.956667,7.021150,2007,March
17.824349,5.935517,12.956667,7.021150,2007,April
17.988772,5.975847,13.076777,7.100930,2007,May
17.988772,5.975847,13.076777,7.100930,2007,June
17.988772,5.975847,13.076777,7.100930,2007,July
18.132870,6.008739,13.215389,7.206650,2007,August
18.132870,6.008739,13.215389,7.206650,2007,September
18.132870,6.008739,13.215389,7.206650,2007,October
18.041762,5.999200,13.135627,7.136427,2008,November
18.041762,5.999200,13.135627,7.136427,2008,December
18.041762,5.999200,13.135627,7.136427,2008,January
17.609219,5.845067,12.792063,6.946996,2008,February
17.609219,5.845067,12.792063,6.946996,2008,March
17.609219,5.845067,12.792063,6.946996,2008,April
17.811492,5.883005,12.874892,6.991887,2008,May
17.811492,5.883005,12.874892,6.991887,2008,June
17.811492,5.883005,12.874892,6.991887,2008,July
17.870362,5.864502,12.824844,6.960342,2008,August
17.870362,5.864502,12.824844,6.960342,2008,September
17.870362,5.864502,12.824844,6.960342,2008,October
17.925393,5.822820,12.754916,6.932096,2009,November
17.925393,5.822820,12.754916,6.932096,2009,December
17.925393,5.822820,12.754916,6.932096,2009,January
17.521656,5.628029,12.367512,6.739483,2009,February
17.521656,5.628029,12.367512,6.739483,2009,March
17.521656,5.628029,12.367512,6.739483,2009,April
17.439486,5.565118,12.228451,6.663334,2009,May
17.439486,5.565118,12.228451,6.663334,2009,June
17.439486,5.565118,12.228451,6.663334,2009,July
17.145699,5.414358,11.962224,6.547866,2009,August
17.145699,5.414358,11.962224,6.547866,2009,September
17.145699,5.414358,11.962224,6.547866,2009,October
16.820664,5.303386,11.681003,6.377617,2010,November
16.820664,5.303386,11.681003,6.377617,2010,December
16.820664,5.303386,11.681003,6.377617,2010,January
16.424145,5.136389,11.347750,6.211361,2010,February
16.424145,5.136389,11.347750,6.211361,2010,March
16.424145,5.136389,11.347750,6.211361,2010,April
16.220270,5.028270,11.138346,6.110076,2010,May
16.220270,5.028270,11.138346,6.110076,2010,June
16.220270,5.028270,11.138346,6.110076,2010,July
16.079799,5.025281,10.980219,5.954938,2010,August
16.079799,5.025281,10.980219,5.954938,2010,September
16.079799,5.025281,10.980219,5.954938,2010,October
15.872862,5.061180,10.773520,5.712340,2011,November
15.872862,5.061180,10.773520,5.712340,2011,December
15.872862,5.061180,10.773520,5.712340,2011,January
15.826896,5.044381,10.685898,5.641517,2011,February
15.826896,5.044381,10.685898,5.641517,2011,March
15.826896,5.044381,10.685898,5.641517,2011,April
15.736460,5.010215,10.574412,5.564197,2011,May
15.736460,5.010215,10.574412,5.564197,2011,June
15.736460,5.010215,10.574412,5.564197,2011,July
15.637462,5.013297,10.451422,5.438126,2011,August
15.637462,5.013297,10.451422,5.438126,2011,September
15.637462,5.013297,10.451422,5.438126,2011,October
15.344468,4.928206,10.202264,5.274058,2012,November
15.344468,4.928206,10.202264,5.274058,2012,December
15.344468,4.928206,10.202264,5.274058,2012,January
15.209223,4.918364,10.087789,5.169425,2012,February
15.209223,4.918364,10.087789,5.169425,2012,March
15.209223,4.918364,10.087789,5.169425,2012,April
15.322242,4.992118,10.150969,5.158852,2012,May
15.322242,4.992118,10.150969,5.158852,2012,June
15.322242,4.992118,10.150969,5.158852,2012,July
14.898461,4.887206,9.839414,4.952208,2012,August
14.898461,4.887206,9.839414,4.952208,2012,September
14.898461,4.887206,9.839414,4.952208,2012,October
15.459025,5.146390,10.199861,5.053471,2013,November
15.459025,5.146390,10.199861,5.053471,2013,December
15.459025,5.146390,10.199861,5.053471,2013,January
15.361491,5.158375,10.114192,4.955817,2013,February
15.361491,5.158375,10.114192,4.955817,2013,March
15.361491,5.158375,10.114192,4.955817,2013,April
15.329540,5.178504,10.075181,4.896677,2013,May
15.329540,5.178504,10.075181,4.896677,2013,June
15.329540,5.178504,10.075181,4.896677,2013,July
15.366054,5.214294,10.080622,4.866328,2013,August
15.366054,5.214294,10.080622,4.866328,2013,September
15.366054,5.214294,10.080622,4.866328,2013,October
15.242983,5.209544,9.969990,4.760446,2014,November
15.242983,5.209544,9.969990,4.760446,2014,December
15.242983,5.209544,9.969990,4.760446,2014,January
15.216411,5.232607,9.921707,4.689100,2014,February
15.216411,5.232607,9.921707,4.689100,2014,March
15.216411,5.232607,9.921707,4.689100,2014,April
15.213978,5.262815,9.884201,4.621386,2014,May
15.213978,5.262815,9.884201,4.621386,2014,June
15.213978,5.262815,9.884201,4.621386,2014,July
15.257201,5.307268,9.875394,4.568126,2014,August
15.257201,5.307268,9.875394,4.568126,2014,September
15.257201,5.307268,9.875394,4.568126,2014,October
15.383229,5.370838,9.927788,4.556950,2015,November
15.383229,5.370838,9.927788,4.556950,2015,December
15.383229,5.370838,9.927788,4.556950,2015,January
15.413588,5.426874,9.917763,4.490889,2015,February
15.413588,5.426874,9.917763,4.490889,2015,March
15.413588,5.426874,9.917763,4.490889,2015,April
15.477978,5.488404,9.946691,4.458288,2015,May
15.477978,5.488404,9.946691,4.458288,2015,June
15.477978,5.488404,9.946691,4.458288,2015,July
15.526569,5.445859,9.928603,4.482744,2015,August
15.526569,5.445859,9.928603,4.482744,2015,September
15.526569,5.445859,9.928603,4.482744,2015,October
15.514980,5.435997,9.898403,4.462406,2016,November
15.514980,5.435997,9.898403,4.462406,2016,December
15.514980,5.435997,9.898403,4.462406,2016,January
15.649689,5.532303,10.000238,4.467935,2016,February
15.649689,5.532303,10.000238,4.467935,2016,March
15.649689,5.532303,10.000238,4.467935,2016,April
15.718325,5.613637,10.072342,4.458705,2016,May
15.718325,5.613637,10.072342,4.458705,2016,June
15.718325,5.613637,10.072342,4.458705,2016,July
15.660994,5.655924,10.044246,4.388322,2016,August
15.660994,5.655924,10.044246,4.388322,2016,September
15.660994,5.655924,10.044246,4.388322,2016,October
15.533528,5.634538,9.978798,4.344260,2017,November
15.533528,5.634538,9.978798,4.344260,2017,December
15.533528,5.634538,9.978798,4.344260,2017,January
15.533483,5.656053,9.988513,4.332461,2017,February
15.533483,5.656053,9.988513,4.332461,2017,March
15.533483,5.656053,9.988513,4.332461,2017,April
15.509082,5.656659,9.975555,4.318896,2017,May
15.509082,5.656659,9.975555,4.318896,2017,June
15.509082,5.656659,9.975555,4.318896,2017,July
15.468131,5.664424,9.951370,4.286946,2017,August
15.468131,5.664424,9.951370,4.286946,2017,September
15.468131,5.664424,9.951370,4.286946,2017,October
15.331046,5.610941,9.861202,4.250261,2018,November
15.331046,5.610941,9.861202,4.250261,2018,December
15.331046,5.610941,9.861202,4.250261,2018,January
15.327817,5.593365,9.851405,4.258039,2018,February
15.327817,5.593365,9.851405,4.258039,2018,March
15.327817,5.593365,9.851405,4.258039,2018,April
15.328742,5.618410,9.857297,4.238888,2018,May
15.328742,5.618410,9.857297,4.238888,2018,June
15.328742,5.618410,9.857297,4.238888,2018,July
15.325038,5.633093,9.882049,4.248955,2018,August
15.325038,5.633093,9.882049,4.248955,2018,September
15.325038,5.633093,9.882049,4.248955,2018,October
